ingredient,category,reason
e903,Unknown,Not found in rulebook
star-anise,Unknown,Not found in rulebook
iron,Unknown,Not found in rulebook
de:pflanzenöl-aus-raps,Unknown,Not found in rulebook
grape-juice-from-concentrate,Unknown,Not found in rulebook
spring-water,Unknown,Not found in rulebook
natural-apple-flavouring,Unknown,Not found in rulebook
cottonseed-oil,Unknown,Not found in rulebook
red-chili-pepper,Unknown,Not found in rulebook
oil-palm,Unknown,Not found in rulebook
pumpkin,Unknown,Not found in rulebook
concentrated-pineapple-juice,Unknown,Not found in rulebook
caramel-powder,Unknown,Not found in rulebook
citrus-fruit-extract,Unknown,Not found in rulebook
vitamin-b6,Unknown,Not found in rulebook
e460ii,Unknown,Not found in rulebook
sesame-oil,Unknown,Not found in rulebook
grapefruit,Unknown,Not found in rulebook
grape,Unknown,Not found in rulebook
vanilla-pod,Unknown,Not found in rulebook
sodium-citrate,Unknown,Not found in rulebook
cabbage,Unknown,Not found in rulebook
e339ii,Unknown,Not found in rulebook
sucr,Unknown,Not found in rulebook
natural-raspberry-flavouring,Unknown,Not found in rulebook
fr:pais-de-origejs-noue,Unknown,Not found in rulebook
ada,Unknown,Not found in rulebook
confectioners-glaze,Unknown,Not found in rulebook
parmigiano-reggiano,Unknown,Not found in rulebook
asiago,Unknown,Not found in rulebook
chromium,Unknown,Not found in rulebook
banana-peppers,Unknown,Not found in rulebook
cellulose-gel,Unknown,Not found in rulebook
cider-vinegar,Unknown,Not found in rulebook
concentrated-grape-must,Unknown,Not found in rulebook
e297,Unknown,Not found in rulebook
e301,Unknown,Not found in rulebook
oil,Unknown,Not found in rulebook
cod,Unknown,Not found in rulebook
candied-orange-peel,Unknown,Not found in rulebook
yeast-powder,Unknown,Not found in rulebook
zinc-oxide,Unknown,Not found in rulebook
e500,Unknown,Not found in rulebook
wholemeal-oat,Unknown,Not found in rulebook
elderberry-juice-concentrate,Unknown,Not found in rulebook
fresh-lemon-juice-salt,Unknown,Not found in rulebook
iodine,Unknown,Not found in rulebook
chocolate-cream,Unknown,Not found in rulebook
caraway,Unknown,Not found in rulebook
e435,Unknown,Not found in rulebook
semi-skimmed-milk,Unknown,Not found in rulebook
filling,Unknown,Not found in rulebook
creamery-butter,Unknown,Not found in rulebook
boldo,Unknown,Not found in rulebook
coriander,Unknown,Not found in rulebook
liquid-smoke,Unknown,Not found in rulebook
cocoa-mass-rum,Unknown,Not found in rulebook
flax,Unknown,Not found in rulebook
kombucha-culture,Unknown,Not found in rulebook
evaporated-cane-juice,Unknown,Not found in rulebook
cocoa-butter-chocolate-liquor,Unknown,Not found in rulebook
raising-agent,Unknown,Not found in rulebook
hummus,Unknown,Not found in rulebook
rapeseed,Unknown,Not found in rulebook
shrimp,Unknown,Not found in rulebook
cider,Unknown,Not found in rulebook
root-vegetable,Unknown,Not found in rulebook
e385,Unknown,Not found in rulebook
palm-kernel-oil,Unknown,Not found in rulebook
unrefined-sugar,Unknown,Not found in rulebook
lacto,Unknown,Not found in rulebook
real-raspberries,Unknown,Not found in rulebook
fr:poudre-a,Unknown,Not found in rulebook
e1400,Unknown,Not found in rulebook
copper-gluconate,Unknown,Not found in rulebook
mozzarella,Unknown,Not found in rulebook
bell-pepper,Unknown,Not found in rulebook
cultured-pasteuri,Unknown,Not found in rulebook
hydrogenated-palm-oil,Unknown,Not found in rulebook
broth,Unknown,Not found in rulebook
sweet-brown-rice,Unknown,Not found in rulebook
egg-powder,Unknown,Not found in rulebook
pasteurized-semi-skimmed-milk,Unknown,Not found in rulebook
natural-hickory-smoke-flavor,Unknown,Not found in rulebook
cooked-grape-must,Unknown,Not found in rulebook
malt-syrup,Unknown,Not found in rulebook
protein-puffs,Unknown,Not found in rulebook
spinach,Unknown,Not found in rulebook
e472b,Unknown,Not found in rulebook
white-grape-juice,Unknown,Not found in rulebook
aromalemon,Unknown,Not found in rulebook
nonfat-yogurt-powder,Unknown,Not found in rulebook
e336,Unknown,Not found in rulebook
prunus-species-fruit,Unknown,Not found in rulebook
hydrogenated-vegetable-fat,Unknown,Not found in rulebook
e491,Unknown,Not found in rulebook
peanut-paste,Unknown,Not found in rulebook
artichoke-malva-senna-leaf-hibiscus-chamomile-natural-apple-flavor,Unknown,Not found in rulebook
potato,Unknown,Not found in rulebook
sweetened-dried-cherry-cranberries,Unknown,Not found in rulebook
natural-and-artificial-flavouring,Unknown,Not found in rulebook
e621,Unknown,Not found in rulebook
oolong-tea,Unknown,Not found in rulebook
e296,Unknown,Not found in rulebook
buckwheat,Unknown,Not found in rulebook
zinc-gluconate,Unknown,Not found in rulebook
beeswax-white-and-yellow,Unknown,Not found in rulebook
egg,Unknown,Not found in rulebook
whey-protein-isolate,Unknown,Not found in rulebook
flavouring,Unknown,Not found in rulebook
salt-barley-malt,Unknown,Not found in rulebook
high-fructose-corn-syrup,Unknown,Not found in rulebook
icing-sugar,Unknown,Not found in rulebook
vanillin-an-artificial-flavor,Unknown,Not found in rulebook
flourensia-cernua,Unknown,Not found in rulebook
vanilla-powder,Unknown,Not found in rulebook
artif,Unknown,Not found in rulebook
carrot-extract,Unknown,Not found in rulebook
olive,Unknown,Not found in rulebook
lobster-meat,Unknown,Not found in rulebook
unsalted-butter,Unknown,Not found in rulebook
starch,Unknown,Not found in rulebook
malted-barley,Unknown,Not found in rulebook
hazelnut-paste,Unknown,Not found in rulebook
e524,Unknown,Not found in rulebook
spice,Unknown,Not found in rulebook
e406,Unknown,Not found in rulebook
white-beans,Unknown,Not found in rulebook
e414,Unknown,Not found in rulebook
e334,Unknown,Not found in rulebook
fr:fi6res-d-agrumes,Unknown,Not found in rulebook
yerba-mate-tea,Unknown,Not found in rulebook
balsamic-condiment,Unknown,Not found in rulebook
to-retain-moisture,Unknown,Not found in rulebook
pineapple-juice,Unknown,Not found in rulebook
soy-fiber,Unknown,Not found in rulebook
lowfat-cocoa-powder,Unknown,Not found in rulebook
strawberry-powder,Unknown,Not found in rulebook
used-to-protect-quality,Unknown,Not found in rulebook
e508,Unknown,Not found in rulebook
kale-sprouts,Unknown,Not found in rulebook
blueberry,Unknown,Not found in rulebook
fr:par-volume,Unknown,Not found in rulebook
malt-center,Unknown,Not found in rulebook
black-carrot-juice,Unknown,Not found in rulebook
butterfat,Unknown,Not found in rulebook
e503ii,Unknown,Not found in rulebook
cottonseed,Unknown,Not found in rulebook
soya-lecithin,Unknown,Not found in rulebook
fr:brebis-vanille-et-allergiques-entre-ooc-et-6-c,Unknown,Not found in rulebook
low-de-corn-syrup,Unknown,Not found in rulebook
caranberries,Unknown,Not found in rulebook
wine-vinegar,Unknown,Not found in rulebook
soya-and-rapeseed-lecithin-and-pgpr,Unknown,Not found in rulebook
3,Unknown,Not found in rulebook
pretzel-salt,Unknown,Not found in rulebook
yeas,Unknown,Not found in rulebook
e302,Unknown,Not found in rulebook
celery,Unknown,Not found in rulebook
fat-free-milk-water,Unknown,Not found in rulebook
mix-chocolate,Unknown,Not found in rulebook
williams-pear-brandy,Unknown,Not found in rulebook
butternut-squash,Unknown,Not found in rulebook
fr:abats-de-porc,Unknown,Not found in rulebook
sugar-syrup,Unknown,Not found in rulebook
reduced-iron,Unknown,Not found in rulebook
nonnutritive-sweeteners,Unknown,Not found in rulebook
condiment,Unknown,Not found in rulebook
calcium-carbonat,Unknown,Not found in rulebook
albumen,Unknown,Not found in rulebook
peppermint,Unknown,Not found in rulebook
milk-solids,Unknown,Not found in rulebook
gum-base,Unknown,Not found in rulebook
caraway-seed,Unknown,Not found in rulebook
fr:levure-de-riz,Unknown,Not found in rulebook
aniseed,Unknown,Not found in rulebook
coffee,Unknown,Not found in rulebook
cheese-powder,Unknown,Not found in rulebook
pecan-nut,Unknown,Not found in rulebook
40-grain,Unknown,Not found in rulebook
smoke-flavouring,Unknown,Not found in rulebook
e160a,Unknown,Not found in rulebook
coagulating-enzyme,Unknown,Not found in rulebook
spices-raising-agents,Unknown,Not found in rulebook
rum-60-vol,Unknown,Not found in rulebook
conditioner,Unknown,Not found in rulebook
e171,Unknown,Not found in rulebook
fr:ents,Unknown,Not found in rulebook
spinach-powder,Unknown,Not found in rulebook
fr:sirop-de-glucose-epaississant,Unknown,Not found in rulebook
dairy,Unknown,Not found in rulebook
soluble-corn-fiber,Unknown,Not found in rulebook
banana,Unknown,Not found in rulebook
e473,Unknown,Not found in rulebook
xanthan-gum-stabilizer,Unknown,Not found in rulebook
red-orange-juice-of-sicily,Unknown,Not found in rulebook
e315,Unknown,Not found in rulebook
oligosaccharides,Unknown,Not found in rulebook
cocoa-coating,Unknown,Not found in rulebook
wheat,Unknown,Not found in rulebook
legume,Unknown,Not found in rulebook
milk-chocolate,Unknown,Not found in rulebook
added-sugar,Unknown,Not found in rulebook
fr:poules-elevees-au-sol,Unknown,Not found in rulebook
sunflower-oil,Unknown,Not found in rulebook
soy-protein,Unknown,Not found in rulebook
sunflower-lecithin,Unknown,Not found in rulebook
zinc,Unknown,Not found in rulebook
vitamins,Unknown,Not found in rulebook
sweetened-with-nutritive-and-non-nutritive-sweetener,Unknown,Not found in rulebook
e415,Unknown,Not found in rulebook
pyridoxine-hydrochloride,Unknown,Not found in rulebook
sweetened-with-nutritive-sweeteners-and-a-nonnutritive-sweetener,Unknown,Not found in rulebook
granular,Unknown,Not found in rulebook
paprika,Unknown,Not found in rulebook
soya-flour,Unknown,Not found in rulebook
vitamin-k,Unknown,Not found in rulebook
malt,Unknown,Not found in rulebook
azodicarbonmide,Unknown,Not found in rulebook
vinegar,Unknown,Not found in rulebook
corn,Unknown,Not found in rulebook
concentrate,Unknown,Not found in rulebook
rennet,Unknown,Not found in rulebook
shellfish,Unknown,Not found in rulebook
apricots-dried-passed,Unknown,Not found in rulebook
calcium-propi,Unknown,Not found in rulebook
e440a,Unknown,Not found in rulebook
natural-colours,Unknown,Not found in rulebook
lime-juice-concentrate,Unknown,Not found in rulebook
beetroot-juice-concentrate,Unknown,Not found in rulebook
disaccharide,Unknown,Not found in rulebook
barley-s-malt-extract,Unknown,Not found in rulebook
cheese,Unknown,Not found in rulebook
cysteine,Unknown,Not found in rulebook
e955,Unknown,Not found in rulebook
lime,Unknown,Not found in rulebook
ginger-powder,Unknown,Not found in rulebook
it:colorant-e150d,Unknown,Not found in rulebook
e170i,Unknown,Not found in rulebook
stabiliser,Unknown,Not found in rulebook
e306,Unknown,Not found in rulebook
clove,Unknown,Not found in rulebook
citrus-fruit,Unknown,Not found in rulebook
very-mild,Unknown,Not found in rulebook
high-oleic-sunflower-oil,Unknown,Not found in rulebook
whole-raspberry,Unknown,Not found in rulebook
chromium-chloride,Unknown,Not found in rulebook
lactose,Unknown,Not found in rulebook
ingredients,Unknown,Not found in rulebook
sugarcane-juice,Unknown,Not found in rulebook
vanillian-an-artificial-flavors,Unknown,Not found in rulebook
vanilla-flavouring,Unknown,Not found in rulebook
colour,Unknown,Not found in rulebook
e472e,Unknown,Not found in rulebook
buttermilk-solids,Unknown,Not found in rulebook
turmeric,Unknown,Not found in rulebook
glycerin-esters-of-fatty-acids,Unknown,Not found in rulebook
bone,Unknown,Not found in rulebook
fr:mozzarella-16-marinee-a-l-huile-d-olive,Unknown,Not found in rulebook
lactic-ferments,Unknown,Not found in rulebook
roselle-flower,Unknown,Not found in rulebook
herbes-de-provence,Unknown,Not found in rulebook
in-chocolate,Unknown,Not found in rulebook
lemon-juice,Unknown,Not found in rulebook
hand-peeled-garlic,Unknown,Not found in rulebook
peanut-flavored-coating,Unknown,Not found in rulebook
artificial-flavouring,Unknown,Not found in rulebook
phosphate,Unknown,Not found in rulebook
leaving,Unknown,Not found in rulebook
orange,Unknown,Not found in rulebook
vital-wheat-gluten,Unknown,Not found in rulebook
semi-sweet-chocolate,Unknown,Not found in rulebook
tomato-sauce,Unknown,Not found in rulebook
e260,Unknown,Not found in rulebook
cereal-flour,Unknown,Not found in rulebook
ferrous-sulfate,Unknown,Not found in rulebook
fr:sel-epices,Unknown,Not found in rulebook
processed-with-alkali,Unknown,Not found in rulebook
vegetable-fiber,Unknown,Not found in rulebook
lobster-blend,Unknown,Not found in rulebook
cherry-juice,Unknown,Not found in rulebook
malt-extract,Unknown,Not found in rulebook
cane-sugar-syrup,Unknown,Not found in rulebook
corn-flour,Unknown,Not found in rulebook
wheat-protein,Unknown,Not found in rulebook
natural-vanilla-flavouring,Unknown,Not found in rulebook
grape-juice,Unknown,Not found in rulebook
vitamin-e-acetate,Unknown,Not found in rulebook
berries,Unknown,Not found in rulebook
corn-silk,Unknown,Not found in rulebook
peanut,Unknown,Not found in rulebook
fuji-apple-cider,Unknown,Not found in rulebook
e133,Unknown,Not found in rulebook
shave-grass,Unknown,Not found in rulebook
almond,Unknown,Not found in rulebook
milk-chocolate-praline,Unknown,Not found in rulebook
pasteurised-goat-milk,Unknown,Not found in rulebook
caperberries,Unknown,Not found in rulebook
soured-milk,Unknown,Not found in rulebook
buttermilk,Unknown,Not found in rulebook
elderberry-juice,Unknown,Not found in rulebook
poppy,Unknown,Not found in rulebook
anti-caking-agent,Unknown,Not found in rulebook
e521,Unknown,Not found in rulebook
wheat-flour,Unknown,Not found in rulebook
barley-s,Unknown,Not found in rulebook
e319,Unknown,Not found in rulebook
beetroot,Unknown,Not found in rulebook
calcium-caseinate,Unknown,Not found in rulebook
sesame,Unknown,Not found in rulebook
pasteurised-cow-s-milk,Unknown,Not found in rulebook
white-fish,Unknown,Not found in rulebook
potato-flakes,Unknown,Not found in rulebook
rum-flavouring,Unknown,Not found in rulebook
crab,Unknown,Not found in rulebook
fr:ail-deshydrate-cumin,Unknown,Not found in rulebook
calcium,Unknown,Not found in rulebook
soya-oil,Unknown,Not found in rulebook
natur,Unknown,Not found in rulebook
diced-baby-ginger-root,Unknown,Not found in rulebook
flour-treatment-agent,Unknown,Not found in rulebook
milk-powder,Unknown,Not found in rulebook
flavoring-vanillin,Unknown,Not found in rulebook
cranberry,Unknown,Not found in rulebook
apple-juice,Unknown,Not found in rulebook
natural-pomegranate-flavor,Unknown,Not found in rulebook
ammoniated-glycyrrhizin,Unknown,Not found in rulebook
microbial-culture,Unknown,Not found in rulebook
juliana-adstringen,Unknown,Not found in rulebook
mixed-spices,Unknown,Not found in rulebook
milk-filling,Unknown,Not found in rulebook
extract,Unknown,Not found in rulebook
syrup,Unknown,Not found in rulebook
e904,Unknown,Not found in rulebook
brie,Unknown,Not found in rulebook
e428,Unknown,Not found in rulebook
sour-cream,Unknown,Not found in rulebook
enzyme,Unknown,Not found in rulebook
wheat-gluten,Unknown,Not found in rulebook
e466,Unknown,Not found in rulebook
pineapple,Unknown,Not found in rulebook
soya-bean,Unknown,Not found in rulebook
fr:pa-rika-curcuma,Unknown,Not found in rulebook
whey-protein,Unknown,Not found in rulebook
fat-reduced-cocoa,Unknown,Not found in rulebook
green-tea,Unknown,Not found in rulebook
phylloquinone,Unknown,Not found in rulebook
fr:bipanc-d-oeuf-en-poudre,Unknown,Not found in rulebook
instant-starch,Unknown,Not found in rulebook
yeast-extract,Unknown,Not found in rulebook
tapioca-dextrin,Unknown,Not found in rulebook
e905,Unknown,Not found in rulebook
barley,Unknown,Not found in rulebook
molasses,Unknown,Not found in rulebook
e127,Unknown,Not found in rulebook
sweet-whey-powder,Unknown,Not found in rulebook
wholemeal-rye-flour,Unknown,Not found in rulebook
brown-rice-syrup,Unknown,Not found in rulebook
whey,Unknown,Not found in rulebook
cyanocobalamin,Unknown,Not found in rulebook
fruit,Unknown,Not found in rulebook
glucose,Unknown,Not found in rulebook
natural-vanilla-extract,Unknown,Not found in rulebook
e1103,Unknown,Not found in rulebook
natural-flavouring,Unknown,Not found in rulebook
coco,Unknown,Not found in rulebook
fuji-apples,Unknown,Not found in rulebook
processed-with-carbon-dioxide-for-popping-effect,Unknown,Not found in rulebook
e224,Unknown,Not found in rulebook
beetroot-juice,Unknown,Not found in rulebook
lentils,Unknown,Not found in rulebook
bourbon-vanilla-extract,Unknown,Not found in rulebook
corn-syrup,Unknown,Not found in rulebook
preservative,Unknown,Not found in rulebook
e211,Unknown,Not found in rulebook
breadcrumbs,Unknown,Not found in rulebook
pea-fiber,Unknown,Not found in rulebook
lactylic-oleate,Unknown,Not found in rulebook
biotin,Unknown,Not found in rulebook
malaceous-fruit,Unknown,Not found in rulebook
e477,Unknown,Not found in rulebook
fig,Unknown,Not found in rulebook
pink-grapefruit-juice,Unknown,Not found in rulebook
tree-nut,Unknown,Not found in rulebook
natural-stabilizer,Unknown,Not found in rulebook
flour,Unknown,Not found in rulebook
made-from-real-wine,Unknown,Not found in rulebook
deltalactone,Unknown,Not found in rulebook
cow-cheese,Unknown,Not found in rulebook
malted-wheat-flour,Unknown,Not found in rulebook
uva-ursi,Unknown,Not found in rulebook
dough,Unknown,Not found in rulebook
barley-malt-extract,Unknown,Not found in rulebook
potato-flour,Unknown,Not found in rulebook
bittersweet-chocolate,Unknown,Not found in rulebook
e965ii,Unknown,Not found in rulebook
e282,Unknown,Not found in rulebook
de:soja-protein-isolat,Unknown,Not found in rulebook
fr:produit-a-ne-pas-congeler,Unknown,Not found in rulebook
whole-egg,Unknown,Not found in rulebook
crustacean,Unknown,Not found in rulebook
natural-cinnamon-flavor,Unknown,Not found in rulebook
vanilla-extract,Unknown,Not found in rulebook
mixed-cheese,Unknown,Not found in rulebook
butter-flavouring,Unknown,Not found in rulebook
cultured-skim-milk,Unknown,Not found in rulebook
vegetable-extract,Unknown,Not found in rulebook
acid,Unknown,Not found in rulebook
e343i,Unknown,Not found in rulebook
psyllium,Unknown,Not found in rulebook
tomato-concentrate,Unknown,Not found in rulebook
pantothenic-acid,Unknown,Not found in rulebook
monodiglycerides-with-propionic-acid,Unknown,Not found in rulebook
fructooligosaccharide,Unknown,Not found in rulebook
folic-acid,Unknown,Not found in rulebook
honey,Unknown,Not found in rulebook
carnuba-wax,Unknown,Not found in rulebook
palm-kernal-oil,Unknown,Not found in rulebook
vanillian-an-artificial-flavor,Unknown,Not found in rulebook
extra-virgin-olive-oil,Unknown,Not found in rulebook
vanillin,Unknown,Not found in rulebook
buttermilk-powder,Unknown,Not found in rulebook
black-sesame,Unknown,Not found in rulebook
sodium,Unknown,Not found in rulebook
includes-beet-juice-beta-carotene,Unknown,Not found in rulebook
e529,Unknown,Not found in rulebook
e101,Unknown,Not found in rulebook
contains-2-and-less-of,Unknown,Not found in rulebook
cocoa-butter,Unknown,Not found in rulebook
brown-cane-sugar,Unknown,Not found in rulebook
e509,Unknown,Not found in rulebook
sulfur-dioxide-as-a-preservative-to-promote-color-retention,Unknown,Not found in rulebook
cocoa-processed-with-alkali,Unknown,Not found in rulebook
e280,Unknown,Not found in rulebook
sourdough,Unknown,Not found in rulebook
vitamin-a,Unknown,Not found in rulebook
e924,Unknown,Not found in rulebook
pitted-red-tart-cherries,Unknown,Not found in rulebook
fruit-vegetable,Unknown,Not found in rulebook
turmeric-oil,Unknown,Not found in rulebook
oil-and-fat,Unknown,Not found in rulebook
includes-vegetable-juice,Unknown,Not found in rulebook
artificial-strawberry-flavoring,Unknown,Not found in rulebook
rapeseed-oil,Unknown,Not found in rulebook
e221,Unknown,Not found in rulebook
antioxidant,Unknown,Not found in rulebook
ammonium-carbona,Unknown,Not found in rulebook
eucalyptus-licorice-ginger-elder-mullein-cinnamon-orange-blossom,Unknown,Not found in rulebook
selenium,Unknown,Not found in rulebook
tuber,Unknown,Not found in rulebook
seed,Unknown,Not found in rulebook
baking-blend,Unknown,Not found in rulebook
an-emulafier,Unknown,Not found in rulebook
only-the-best,Unknown,Not found in rulebook
leaf-vegetable,Unknown,Not found in rulebook
sugarcane,Unknown,Not found in rulebook
protein,Unknown,Not found in rulebook
humectant,Unknown,Not found in rulebook
glucose-fruc,Unknown,Not found in rulebook
isomalto-oligosaccharide,Unknown,Not found in rulebook
cream-cheese,Unknown,Not found in rulebook
sauce,Unknown,Not found in rulebook
tapioca,Unknown,Not found in rulebook
safflower-oil,Unknown,Not found in rulebook
raspberry,Unknown,Not found in rulebook
romaine,Unknown,Not found in rulebook
sunflower,Unknown,Not found in rulebook
whey-powder,Unknown,Not found in rulebook
vitamin-d,Unknown,Not found in rulebook
apricot,Unknown,Not found in rulebook
soy-protein-isolate,Unknown,Not found in rulebook
e541,Unknown,Not found in rulebook
fr:sin-azucares-lientes,Unknown,Not found in rulebook
partially-inverted-sugar-syrup,Unknown,Not found in rulebook
garlic,Unknown,Not found in rulebook
stevia-rebaudiana-leaf-extract,Unknown,Not found in rulebook
vanille-extract,Unknown,Not found in rulebook
onion-family-vegetable,Unknown,Not found in rulebook
to-preserve-freshness,Unknown,Not found in rulebook
fortified-wheat-flour,Unknown,Not found in rulebook
milk-protein-concentrate,Unknown,Not found in rulebook
cracker,Unknown,Not found in rulebook
contains-2-and-less-of-the-following,Unknown,Not found in rulebook
paprika-oil,Unknown,Not found in rulebook
and-sugar,Unknown,Not found in rulebook
yello,Unknown,Not found in rulebook
lupin-flour,Unknown,Not found in rulebook
egg-white,Unknown,Not found in rulebook
mint,Unknown,Not found in rulebook
cocoa-paste,Unknown,Not found in rulebook
potato-starch,Unknown,Not found in rulebook
fr:graines-de-pavot-1-sel,Unknown,Not found in rulebook
mono-and-diglycerides-and-soybean-lecithin-added,Unknown,Not found in rulebook
skimmed-yogurt,Unknown,Not found in rulebook
animal-protein,Unknown,Not found in rulebook
brown-rice-flour,Unknown,Not found in rulebook
e341,Unknown,Not found in rulebook
alpha-tocopherals,Unknown,Not found in rulebook
sodium-molybadate,Unknown,Not found in rulebook
natural-pineapple-flavor,Unknown,Not found in rulebook
copper,Unknown,Not found in rulebook
partially-hydrogenate-palm,Unknown,Not found in rulebook
kale,Unknown,Not found in rulebook
orange-juice,Unknown,Not found in rulebook
milk-proteins,Unknown,Not found in rulebook
equisetum-arvense,Unknown,Not found in rulebook
invert-sugar,Unknown,Not found in rulebook
secret-spices,Unknown,Not found in rulebook
filtered-water,Unknown,Not found in rulebook
enrichment,Unknown,Not found in rulebook
e530,Unknown,Not found in rulebook
fr:a-rec-cier-localement-www-consignesdetn-fr-250-g-valable-uniquement-pour-la-france,Unknown,Not found in rulebook
pasteurised-whole-milk,Unknown,Not found in rulebook
cultured-pasteurized-milk,Unknown,Not found in rulebook
tahini,Unknown,Not found in rulebook
confectioner-s-glaze,Unknown,Not found in rulebook
nonpareils,Unknown,Not found in rulebook
concentrated-apple-juice,Unknown,Not found in rulebook
sugar,Unknown,Not found in rulebook
blueberry-juice,Unknown,Not found in rulebook
it:vinaigre-de-vin,Unknown,Not found in rulebook
root-beer-concentrate,Unknown,Not found in rulebook
e551,Unknown,Not found in rulebook
colza-oil,Unknown,Not found in rulebook
vanilla,Unknown,Not found in rulebook
olive-oil,Unknown,Not found in rulebook
e905a,Unknown,Not found in rulebook
sheeps-milk,Unknown,Not found in rulebook
strawberry-flavored-dried-cranberries,Unknown,Not found in rulebook
vanllan,Unknown,Not found in rulebook
oat,Unknown,Not found in rulebook
crisps,Unknown,Not found in rulebook
ferment,Unknown,Not found in rulebook
must,Unknown,Not found in rulebook
blended-oil,Unknown,Not found in rulebook
e412,Unknown,Not found in rulebook
rosemary,Unknown,Not found in rulebook
raspberry-juice,Unknown,Not found in rulebook
gluten,Unknown,Not found in rulebook
autolysed-yeast-powder,Unknown,Not found in rulebook
glycol-monoesters,Unknown,Not found in rulebook
white-wine-vinegar,Unknown,Not found in rulebook
or,Unknown,Not found in rulebook
pistachio-nuts,Unknown,Not found in rulebook
glaze,Unknown,Not found in rulebook
dehydrated-blend-of-whey,Unknown,Not found in rulebook
fr:garniture-patissiere,Unknown,Not found in rulebook
canola,Unknown,Not found in rulebook
unrefined-cane-sugar,Unknown,Not found in rulebook
powdered-egg-white,Unknown,Not found in rulebook
puree,Unknown,Not found in rulebook
e407,Unknown,Not found in rulebook
ferric-orthophosphate,Unknown,Not found in rulebook
de:süßstoff-natrium-saccharin,Unknown,Not found in rulebook
fresh-cream,Unknown,Not found in rulebook
diluted-with-water-to-4-acidity,Unknown,Not found in rulebook
plant,Unknown,Not found in rulebook
tea,Unknown,Not found in rulebook
pulse,Unknown,Not found in rulebook
fr:et-leurs-derives,Unknown,Not found in rulebook
un-refined-sugar,Unknown,Not found in rulebook
peanut-flour,Unknown,Not found in rulebook
fish,Unknown,Not found in rulebook
fr:amandes-e-miel,Unknown,Not found in rulebook
molybdenum,Unknown,Not found in rulebook
linden-flowers,Unknown,Not found in rulebook
e1200,Unknown,Not found in rulebook
coating,Unknown,Not found in rulebook
oat-fibre,Unknown,Not found in rulebook
peanut-flavored-coating-dried-cane-syrup,Unknown,Not found in rulebook
smoke,Unknown,Not found in rulebook
cherry-pie-filling,Unknown,Not found in rulebook
dextrose,Unknown,Not found in rulebook
rice-flour,Unknown,Not found in rulebook
milkfat,Unknown,Not found in rulebook
coconut-fat,Unknown,Not found in rulebook
e322i,Unknown,Not found in rulebook
date,Unknown,Not found in rulebook
e450i,Unknown,Not found in rulebook
whole-wheat-flour,Unknown,Not found in rulebook
fr:jaune-d-oeuf-frais,Unknown,Not found in rulebook
e965,Unknown,Not found in rulebook
parmesan-flavor,Unknown,Not found in rulebook
e150,Unknown,Not found in rulebook
sugar-hazelnuts-10-8-in-the-cream-corresponding-to-8-6-of-the-total-ingredients,Unknown,Not found in rulebook
sparkling-filtered-water,Unknown,Not found in rulebook
potat,Unknown,Not found in rulebook
e516,Unknown,Not found in rulebook
barley-flour,Unknown,Not found in rulebook
chamomile-spearmint,Unknown,Not found in rulebook
roasted-almonds,Unknown,Not found in rulebook
onion,Unknown,Not found in rulebook
sweetener,Unknown,Not found in rulebook
retinyl-palmitate,Unknown,Not found in rulebook
cow-s-milk,Unknown,Not found in rulebook
flax-oil,Unknown,Not found in rulebook
oregano,Unknown,Not found in rulebook
chocolate-powder,Unknown,Not found in rulebook
romano-flavor,Unknown,Not found in rulebook
rice-starch,Unknown,Not found in rulebook
cream,Unknown,Not found in rulebook
e460,Unknown,Not found in rulebook
thiamin,Unknown,Not found in rulebook
sugar-cocoa,Unknown,Not found in rulebook
e102,Unknown,Not found in rulebook
mango,Unknown,Not found in rulebook
fr:more-information-on-www-paulandlinh-com-mekong-biscuits-a-l-abricot-et-sans-lait-inared,Unknown,Not found in rulebook
soy-lecithin-an-emulsifier,Unknown,Not found in rulebook
vanilla-an-artificial-flavor,Unknown,Not found in rulebook
romaine-hearts,Unknown,Not found in rulebook
caramelised-sugar-syrup,Unknown,Not found in rulebook
vegetable-oil-and-fat,Unknown,Not found in rulebook
de:nur-sorte-schoko,Unknown,Not found in rulebook
thickener,Unknown,Not found in rulebook
papain,Unknown,Not found in rulebook
oat-bran,Unknown,Not found in rulebook
cerelose,Unknown,Not found in rulebook
sesame-paste,Unknown,Not found in rulebook
e170,Unknown,Not found in rulebook
e951,Unknown,Not found in rulebook
salt,Unknown,Not found in rulebook
e420,Unknown,Not found in rulebook
calcium-pantothenate,Unknown,Not found in rulebook
kalettes,Unknown,Not found in rulebook
sugar-flavor,Unknown,Not found in rulebook
less-than-2-of,Unknown,Not found in rulebook
balsamic-vinegar,Unknown,Not found in rulebook
de:süßungsmittel-natriumsaccharin,Unknown,Not found in rulebook
e340,Unknown,Not found in rulebook
white-grape-juice-from-concentrate,Unknown,Not found in rulebook
mango-juice,Unknown,Not found in rulebook
pink-grapefruit,Unknown,Not found in rulebook
wheat-germ,Unknown,Not found in rulebook
fr:arome-naturel-d-abricot-produits-issus-de-ragricu-ture-fabriques-dans-un-ateler-uti,Unknown,Not found in rulebook
caramel-syrup,Unknown,Not found in rulebook
coconut-oil,Unknown,Not found in rulebook
e967,Unknown,Not found in rulebook
teacher-s-blended-scotch-whisky,Unknown,Not found in rulebook
lactase,Unknown,Not found in rulebook
yogurt-powder,Unknown,Not found in rulebook
e270,Unknown,Not found in rulebook
cane-sugar,Unknown,Not found in rulebook
dried-apricots,Unknown,Not found in rulebook
concentrated-white-grape-juice,Unknown,Not found in rulebook
sucrose,Unknown,Not found in rulebook
emmental,Unknown,Not found in rulebook
red-beetroot,Unknown,Not found in rulebook
vegetable-oil,Unknown,Not found in rulebook
pepper,Unknown,Not found in rulebook
fr:swe-de-canne,Unknown,Not found in rulebook
arti,Unknown,Not found in rulebook
calcium-panothenate,Unknown,Not found in rulebook
e375,Unknown,Not found in rulebook
jamaican-rum,Unknown,Not found in rulebook
e950,Unknown,Not found in rulebook
palm-kernel-oil-and-fat,Unknown,Not found in rulebook
collagen,Unknown,Not found in rulebook
cocoa-paste-processed-with-alkali,Unknown,Not found in rulebook
hydrogenated-vegetable-oil,Unknown,Not found in rulebook
natural-mango-flavouring,Unknown,Not found in rulebook
vitamin-b12,Unknown,Not found in rulebook
e339,Unknown,Not found in rulebook
e220,Unknown,Not found in rulebook
juice,Unknown,Not found in rulebook
soybean-oil-with-propylene,Unknown,Not found in rulebook
annatto-oil,Unknown,Not found in rulebook
canola-oil-milk-protein-concentrate,Unknown,Not found in rulebook
rye-flour,Unknown,Not found in rulebook
d-alpha-tocopheryl-acetate,Unknown,Not found in rulebook
chickpea,Unknown,Not found in rulebook
wine,Unknown,Not found in rulebook
marmalade,Unknown,Not found in rulebook
high-maltose-corn-syrup,Unknown,Not found in rulebook
apricot-kernels,Unknown,Not found in rulebook
tapioca-syrup,Unknown,Not found in rulebook
fr:spirulina-cruda-pura-procedefi-tura-ec016gica,Unknown,Not found in rulebook
baking-powder,Unknown,Not found in rulebook
black-pepper,Unknown,Not found in rulebook
milk-flavouring,Unknown,Not found in rulebook
cheddar,Unknown,Not found in rulebook
pea-protein,Unknown,Not found in rulebook
potassium-iodide,Unknown,Not found in rulebook
natural-ginger-flavouring,Unknown,Not found in rulebook
cinnamon,Unknown,Not found in rulebook
diacetyl-tartaric-acid-esters-of-monodiglycerides,Unknown,Not found in rulebook
e500ii,Unknown,Not found in rulebook
fr:amidon-modifie-de-pomme-de-terre-amidon-de-mais,Unknown,Not found in rulebook
brown-sugar,Unknown,Not found in rulebook
e341ii,Unknown,Not found in rulebook
solids,Unknown,Not found in rulebook
romano-cheese,Unknown,Not found in rulebook
durum-wheat-flour,Unknown,Not found in rulebook
mediterranean-salt,Unknown,Not found in rulebook
pasta,Unknown,Not found in rulebook
e338,Unknown,Not found in rulebook
cultured-whey,Unknown,Not found in rulebook
fr:fanne-de-riz,Unknown,Not found in rulebook
fr:olives-non-denoyautees,Unknown,Not found in rulebook
and-cyanocobalamin,Unknown,Not found in rulebook
fr:sucre-de-coco-8-huile-de-coco,Unknown,Not found in rulebook
e917,Unknown,Not found in rulebook
celeriac,Unknown,Not found in rulebook
shrimp-salt,Unknown,Not found in rulebook
creme-powder,Unknown,Not found in rulebook
cocoa-powder,Unknown,Not found in rulebook
l,Unknown,Not found in rulebook
wafer,Unknown,Not found in rulebook
e343,Unknown,Not found in rulebook
soy-protein-hydrolyzate,Unknown,Not found in rulebook
artificial-fla,Unknown,Not found in rulebook
bart-and-judy-s-proprietary-rice-flour-blend,Unknown,Not found in rulebook
poppyseed,Unknown,Not found in rulebook
white-chocolate,Unknown,Not found in rulebook
cocoa-solids,Unknown,Not found in rulebook
autolyzed-yeast-extract,Unknown,Not found in rulebook
fr:chaudin-de-porc,Unknown,Not found in rulebook
de:hühnereiweiss,Unknown,Not found in rulebook
it:antioxygene,Unknown,Not found in rulebook
emulsifier,Unknown,Not found in rulebook
honey-crisp-apples,Unknown,Not found in rulebook
pea-protein-isolate,Unknown,Not found in rulebook
amino-acid-seasoning,Unknown,Not found in rulebook
skimmed-yogurt-powder,Unknown,Not found in rulebook
dl-alpha-tocopheryl-acetate,Unknown,Not found in rulebook
celery-seed,Unknown,Not found in rulebook
e433,Unknown,Not found in rulebook
palm,Unknown,Not found in rulebook
e300,Unknown,Not found in rulebook
yogurt-coating,Unknown,Not found in rulebook
cocoa,Unknown,Not found in rulebook
vegetable-fat,Unknown,Not found in rulebook
palm-fat,Unknown,Not found in rulebook
de:wheyproteinkonzentrat,Unknown,Not found in rulebook
fr:abncots,Unknown,Not found in rulebook
raspberry-puree,Unknown,Not found in rulebook
husked-sesame-seed,Unknown,Not found in rulebook
fat-reduced-cocoa-powder,Unknown,Not found in rulebook
sweetened-by-a-blend-of-canadian-white-water-clover-honey,Unknown,Not found in rulebook
buffalo-sauce-fresh-lemon-juice,Unknown,Not found in rulebook
cholecalciferol,Unknown,Not found in rulebook
palm-oil,Unknown,Not found in rulebook
fruit-juice,Unknown,Not found in rulebook
milk,Unknown,Not found in rulebook
e129,Unknown,Not found in rulebook
it:moult-de-raisin-concentre,Unknown,Not found in rulebook
e330,Unknown,Not found in rulebook
e503,Unknown,Not found in rulebook
ginger,Unknown,Not found in rulebook
hydrogenated-fat,Unknown,Not found in rulebook
e410,Unknown,Not found in rulebook
with-yogurt-flavoured-mousses-filling,Unknown,Not found in rulebook
yeast,Unknown,Not found in rulebook
soya-leci,Unknown,Not found in rulebook
e322,Unknown,Not found in rulebook
sweet-whey,Unknown,Not found in rulebook
cashew-nuts,Unknown,Not found in rulebook
orange-marmalade,Unknown,Not found in rulebook
glucose-fructose-syrup,Unknown,Not found in rulebook
to-preserve-flavor,Unknown,Not found in rulebook
fr:n0ir-sur-l-opercule-du-pot-etre-vendus-separement,Unknown,Not found in rulebook
ginger-ale,Unknown,Not found in rulebook
canola-o,Unknown,Not found in rulebook
food-coloring,Unknown,Not found in rulebook
herb,Unknown,Not found in rulebook
cocoa-liquor,Unknown,Not found in rulebook
mine,Unknown,Not found in rulebook
millet-flour,Unknown,Not found in rulebook
cumin,Unknown,Not found in rulebook
citrict-acid,Unknown,Not found in rulebook
virgin-olive-oil,Unknown,Not found in rulebook
taproot-vegetable,Unknown,Not found in rulebook
sodium-acid-pyrophasphate,Unknown,Not found in rulebook
folate,Unknown,Not found in rulebook
raisin,Unknown,Not found in rulebook
modified-starch,Unknown,Not found in rulebook
fructose,Unknown,Not found in rulebook
royal-jelly,Unknown,Not found in rulebook
and-spices,Unknown,Not found in rulebook
monound-diglyderides-of-fatty-acids,Unknown,Not found in rulebook
mustard,Unknown,Not found in rulebook
fat,Unknown,Not found in rulebook
real-hibiscus-flowers,Unknown,Not found in rulebook
fr:pate-53-570,Unknown,Not found in rulebook
manganese,Unknown,Not found in rulebook
elder,Unknown,Not found in rulebook
pasteurized-cu,Unknown,Not found in rulebook
barley-malt-flour,Unknown,Not found in rulebook
alpha-tocopherols-as-preservatives,Unknown,Not found in rulebook
it:sulfites,Unknown,Not found in rulebook
buckwheat-flour,Unknown,Not found in rulebook
fr:lai-t-ecreme-en-poudre,Unknown,Not found in rulebook
cooking-spinach,Unknown,Not found in rulebook
cinnamon-powder,Unknown,Not found in rulebook
cereal,Unknown,Not found in rulebook
puffed-rice,Unknown,Not found in rulebook
de:wheyprotein,Unknown,Not found in rulebook
e332,Unknown,Not found in rulebook
corn-syrup-solids,Unknown,Not found in rulebook
candy-ingredients,Unknown,Not found in rulebook
fiber,Unknown,Not found in rulebook
monoglycerides,Unknown,Not found in rulebook
e481,Unknown,Not found in rulebook
jam,Unknown,Not found in rulebook
natural-vegetable-fiber,Unknown,Not found in rulebook
wheat-enzymes,Unknown,Not found in rulebook
fr:correcteurs-d-acidite-e170,Unknown,Not found in rulebook
hazelnut,Unknown,Not found in rulebook
goat-milk,Unknown,Not found in rulebook
crab-meat,Unknown,Not found in rulebook
red-bell-pepper,Unknown,Not found in rulebook
oat-flakes,Unknown,Not found in rulebook
palm-oil-and-fat,Unknown,Not found in rulebook
glucose-syrup,Unknown,Not found in rulebook
e464,Unknown,Not found in rulebook
hydrogenated-soy-oil,Unknown,Not found in rulebook
fr:lait-de-brebis-ecreme-pasteurise-ferments-lactiques-selectionnes,Unknown,Not found in rulebook
water,Unknown,Not found in rulebook
orange-blossom,Unknown,Not found in rulebook
e163,Unknown,Not found in rulebook
fr:sin-gluten,Unknown,Not found in rulebook
natural-lemon-flavouring,Unknown,Not found in rulebook
alcohol,Unknown,Not found in rulebook
fr:aromes-sel,Unknown,Not found in rulebook
canola-oil,Unknown,Not found in rulebook
minerals,Unknown,Not found in rulebook
wheat-flour-wheat-starch-baking-powder,Unknown,Not found in rulebook
cultured-sour-cream,Unknown,Not found in rulebook
lemon,Unknown,Not found in rulebook
e160ai,Unknown,Not found in rulebook
e332ii,Unknown,Not found in rulebook
canola-oil-no-additives,Unknown,Not found in rulebook
garlic-salt,Unknown,Not found in rulebook
fr:poids-net,Unknown,Not found in rulebook
cherry,Unknown,Not found in rulebook
mustard-seed,Unknown,Not found in rulebook
nutmeg,Unknown,Not found in rulebook
invert-sugar-syrup,Unknown,Not found in rulebook
balsamic-vinegar-of-modena,Unknown,Not found in rulebook
grape-must,Unknown,Not found in rulebook
natural-flavor-red-orange-of-sicily,Unknown,Not found in rulebook
oatmeal,Unknown,Not found in rulebook
orange-zest,Unknown,Not found in rulebook
black-carrot,Unknown,Not found in rulebook
e281,Unknown,Not found in rulebook
casing,Unknown,Not found in rulebook
natural-casing,Unknown,Not found in rulebook
e341i,Unknown,Not found in rulebook
sodium-molybdate,Unknown,Not found in rulebook
pomegranate,Unknown,Not found in rulebook
corn-starch,Unknown,Not found in rulebook
fr:jarret-de-porc-avec-os,Unknown,Not found in rulebook
cultured-buttermilk,Unknown,Not found in rulebook
ricotta,Unknown,Not found in rulebook
natural,Unknown,Not found in rulebook
e162,Unknown,Not found in rulebook
proteins-mix,Unknown,Not found in rulebook
dried-italian-herbs,Unknown,Not found in rulebook
whole-milk-powder,Unknown,Not found in rulebook
shea-butter,Unknown,Not found in rulebook
rice-syrup,Unknown,Not found in rulebook
sea-sa,Unknown,Not found in rulebook
vitamin-e,Unknown,Not found in rulebook
coconut,Unknown,Not found in rulebook
carrot,Unknown,Not found in rulebook
live-kombucha,Unknown,Not found in rulebook
bourbon-vanilla-powder,Unknown,Not found in rulebook
e471,Unknown,Not found in rulebook
lime-juice,Unknown,Not found in rulebook
vegetable,Unknown,Not found in rulebook
e450,Unknown,Not found in rulebook
ethoxylated-mon-diglycerides,Unknown,Not found in rulebook
pink-lady-apple-cider,Unknown,Not found in rulebook
fr:sin-lactosa,Unknown,Not found in rulebook
worcestershire-sauce,Unknown,Not found in rulebook
fr:extrait-e-poireau,Unknown,Not found in rulebook
evaporated-cane-syrup,Unknown,Not found in rulebook
tomato-puree,Unknown,Not found in rulebook
e262ii,Unknown,Not found in rulebook
freshly-made-from,Unknown,Not found in rulebook
concentrated-black-carrot-juice,Unknown,Not found in rulebook
apple,Unknown,Not found in rulebook
white-wine,Unknown,Not found in rulebook
sodium-selenite,Unknown,Not found in rulebook
fractionated-palm-kernel-oil,Unknown,Not found in rulebook
glucond,Unknown,Not found in rulebook
fr:matieres-premieres-surgelees,Unknown,Not found in rulebook
cocoa-mass-dextrose,Unknown,Not found in rulebook
apple-puree,Unknown,Not found in rulebook
chili-pepper,Unknown,Not found in rulebook
andropogon-citratus,Unknown,Not found in rulebook
baker-s-yeast,Unknown,Not found in rulebook
partially-hydrogenated-vegetable-fat,Unknown,Not found in rulebook
camomile-flower,Unknown,Not found in rulebook
natural-extract,Unknown,Not found in rulebook
malt-barley-flour,Unknown,Not found in rulebook
black-chickpea-gram-flour,Unknown,Not found in rulebook
opal-apple-cider,Unknown,Not found in rulebook
modified-corn-starch,Unknown,Not found in rulebook
corn-fiber,Unknown,Not found in rulebook
skimmed-milk,Unknown,Not found in rulebook
e222,Unknown,Not found in rulebook
acidity-regulator,Unknown,Not found in rulebook
iodised-salt,Unknown,Not found in rulebook
e150a,Unknown,Not found in rulebook
e263,Unknown,Not found in rulebook
hydrogenated-palm-kernel-oil,Unknown,Not found in rulebook
glazing-agent,Unknown,Not found in rulebook
seasoned-flour,Unknown,Not found in rulebook
e120,Unknown,Not found in rulebook
fr:metal-lo-plastique,Unknown,Not found in rulebook
pineapple-juice-from-concentrate,Unknown,Not found in rulebook
artificial-vanilla-flavoring,Unknown,Not found in rulebook
catsup,Unknown,Not found in rulebook
e901,Unknown,Not found in rulebook
egg-yolk,Unknown,Not found in rulebook
e501,Unknown,Not found in rulebook
e110,Unknown,Not found in rulebook
partially-hydrogenated-soybean-oil,Unknown,Not found in rulebook
manganese-sulfate,Unknown,Not found in rulebook
brassica,Unknown,Not found in rulebook
enzymes-pepper,Unknown,Not found in rulebook
fr:huiles-vegetales-de-tournesol-colza,Unknown,Not found in rulebook
anistar,Unknown,Not found in rulebook
de:nur-schoko-kakaopulver-entölt,Unknown,Not found in rulebook
dehydrated-glucose-syrup,Unknown,Not found in rulebook
plant-protein,Unknown,Not found in rulebook
fr:poudre-de-lactoserum-correcteurs-d-acidite,Unknown,Not found in rulebook
wholemeal-flour,Unknown,Not found in rulebook
sesame-seeds,Unknown,Not found in rulebook
with-other-natural-flavouring,Unknown,Not found in rulebook
maltodextrin,Unknown,Not found in rulebook
microbial-coagulating-enzyme,Unknown,Not found in rulebook
artificial-colors-including-fd-c-yellow-6,Unknown,Not found in rulebook
thiamin-mononitrate,Unknown,Not found in rulebook
green-leaf,Unknown,Not found in rulebook
elderberry,Unknown,Not found in rulebook
nothing-else,Unknown,Not found in rulebook
nut,Unknown,Not found in rulebook
parsley,Unknown,Not found in rulebook
lupin-bean,Unknown,Not found in rulebook
mixture-additive,Unknown,Not found in rulebook
chocolate,Unknown,Not found in rulebook
sweet-potato,Unknown,Not found in rulebook
re,Unknown,Not found in rulebook
sunflower-protein,Unknown,Not found in rulebook
e250,Unknown,Not found in rulebook
stalk-vegetable,Unknown,Not found in rulebook
concentrated-grape-juice,Unknown,Not found in rulebook
fr:poivre-scicre,Unknown,Not found in rulebook
pasteurised-milk,Unknown,Not found in rulebook
mono-and-dyglycerides,Unknown,Not found in rulebook
fr:fanne-de-chatagne,Unknown,Not found in rulebook
natural-blueberry-flavouring,Unknown,Not found in rulebook
whole-milk,Unknown,Not found in rulebook
pyridoxine-hydrochgloride,Unknown,Not found in rulebook
vitamin-c,Unknown,Not found in rulebook
e150d,Unknown,Not found in rulebook
phytonadione,Unknown,Not found in rulebook
strawberry,Unknown,Not found in rulebook
peanuts-flavored-dried-cranberries,Unknown,Not found in rulebook
corn-oil,Unknown,Not found in rulebook
yogurt,Unknown,Not found in rulebook
e501i,Unknown,Not found in rulebook
e262,Unknown,Not found in rulebook
palm-cocoa-butter,Unknown,Not found in rulebook
aceto-balsamico-di-modena-igp,Unknown,Not found in rulebook
monosaccharide,Unknown,Not found in rulebook
sal-t,Unknown,Not found in rulebook
e422,Unknown,Not found in rulebook
butter,Unknown,Not found in rulebook
stone-ground-yellow-corn,Unknown,Not found in rulebook
beta-carotene-as-color,Unknown,Not found in rulebook
tomato,Unknown,Not found in rulebook
sea-salt,Unknown,Not found in rulebook
hydrogenated-oil,Unknown,Not found in rulebook
coconut-water,Unknown,Not found in rulebook
soya,Unknown,Not found in rulebook
inulin,Unknown,Not found in rulebook
passion,Unknown,Not found in rulebook
nonnutritive-sweetener,Unknown,Not found in rulebook
partially-hydrogenated-palm-oil,Unknown,Not found in rulebook
wheat-starch,Unknown,Not found in rulebook
roasted-red-pepper-fresh-lemon-juice,Unknown,Not found in rulebook
caseinate,Unknown,Not found in rulebook
soy-lecith,Unknown,Not found in rulebook
pomegranate-juice,Unknown,Not found in rulebook
e202,Unknown,Not found in rulebook
brussels-sprouts,Unknown,Not found in rulebook
rice,Unknown,Not found in rulebook
camomile,Unknown,Not found in rulebook
basil-parmesan-cheese,Unknown,Not found in rulebook
bourbon-vanilla,Unknown,Not found in rulebook
basil,Unknown,Not found in rulebook
and-less-of,Unknown,Not found in rulebook
grated-emmental-cheese,Unknown,Not found in rulebook
e340ii,Unknown,Not found in rulebook
fr:epices-a-pains-di-epices-ln-epices-cannelle-gingembre,Unknown,Not found in rulebook
hazelnut-flavor,Unknown,Not found in rulebook
natural-orange-oil,Unknown,Not found in rulebook
skimmed-milk-powder,Unknown,Not found in rulebook
vegetable-mono-and-diglycerides,Unknown,Not found in rulebook
goji,Unknown,Not found in rulebook
